Portfolio,Mu,Sigma,Sharpe,Treynor,Sortino,Omega,Mu_anual,Sigma_anual,Beta,VaR,CVaR,MaxDrawdown,Profit_%,YearMonth,Year,Asset_Class,Method
Sharpe,3.425,5.905,0.58,0.026,0.84,4.022,41.104,20.457,1.319,0.062,0.089,8.922,47.062,2019-12,2019,Tecnologia,Sharpe
Sharpe,3.377,6.975,0.484,0.045,1.51,3.081,40.524,24.163,0.757,0.065,0.074,9.785,45.246,2020-12,2020,Tecnologia,Sharpe
Sharpe,3.357,6.993,0.48,0.066,1.136,4.129,40.288,24.224,0.506,0.049,0.074,7.434,45.006,2021-12,2021,Tecnologia,Sharpe
Sharpe,-2.889,9.987,-0.289,-0.02,-0.554,0.513,-34.674,34.595,1.476,0.156,0.163,36.476,-33.589,2022-12,2022,Tecnologia,Sharpe
Sharpe,2.583,8.254,0.313,0.022,0.508,2.189,30.992,28.592,1.154,0.105,0.12,14.112,30.942,2023-12,2023,Tecnologia,Sharpe
Sharpe,3.177,6.9,0.46,0.019,0.706,3.328,38.125,23.902,1.652,0.071,0.103,10.369,41.966,2024-12,2024,Tecnologia,Sharpe
Sharpe,1.637,3.906,0.419,-0.646,0.575,3.134,19.648,13.533,-0.025,0.039,0.064,6.418,20.526,2019-12,2019,Salud,Sharpe
Sharpe,0.303,5.746,0.053,0.005,0.101,1.132,3.634,19.904,0.609,0.079,0.089,9.653,1.828,2020-12,2020,Salud,Sharpe
Sharpe,3.78,6.165,0.613,0.033,0.797,4.851,45.362,21.358,1.151,0.051,0.094,9.388,53.023,2021-12,2021,Salud,Sharpe
Sharpe,0.804,6.133,0.131,0.016,0.213,1.428,9.645,21.245,0.497,0.087,0.096,7.983,7.851,2022-12,2022,Salud,Sharpe
Sharpe,1.008,4.244,0.237,0.049,0.996,1.768,12.092,14.701,0.205,0.04,0.041,3.956,11.701,2023-12,2023,Salud,Sharpe
Sharpe,2.25,7.029,0.32,0.023,2.891,2.187,27.004,24.35,0.988,0.047,0.049,15.349,27.318,2024-12,2024,Salud,Sharpe
Sharpe,4.021,4.043,0.994,0.056,2.239,11.9,48.25,14.007,0.717,0.021,0.035,3.483,59.158,2019-12,2019,Financieros,Sharpe
Sharpe,1.683,10.435,0.161,0.013,0.304,1.47,20.199,36.148,1.294,0.133,0.164,23.728,15.141,2020-12,2020,Financieros,Sharpe
Sharpe,1.623,6.94,0.234,0.015,0.567,1.924,19.47,24.04,1.053,0.073,0.087,8.797,18.28,2021-12,2021,Financieros,Sharpe
Sharpe,-0.109,8.604,-0.013,-0.001,-0.023,0.97,-1.307,29.805,0.996,0.128,0.146,25.432,-5.294,2022-12,2022,Financieros,Sharpe
Sharpe,-0.466,13.866,-0.034,-0.004,-0.041,0.91,-5.59,48.033,1.182,0.204,0.326,32.748,-15.969,2023-12,2023,Financieros,Sharpe
Sharpe,2.368,4.194,0.565,0.03,2.147,3.794,28.42,14.529,0.796,0.033,0.04,3.965,31.215,2024-12,2024,Financieros,Sharpe
Sharpe,2.762,3.534,0.782,0.08,9.092,11.932,33.14,12.241,0.347,0.015,0.017,1.731,37.776,2019-12,2019,Consumo,Sharpe
Sharpe,1.285,4.693,0.274,0.024,0.407,2.152,15.415,16.258,0.547,0.054,0.076,10.991,15.177,2020-12,2020,Consumo,Sharpe
Sharpe,3.888,5.226,0.744,0.051,1.639,5.078,46.652,18.104,0.761,0.049,0.061,6.081,55.798,2021-12,2021,Consumo,Sharpe
Sharpe,-0.846,8.069,-0.105,-0.009,-0.292,0.782,-10.15,27.954,0.975,0.103,0.117,14.038,-12.903,2022-12,2022,Consumo,Sharpe
Sharpe,-0.297,4.153,-0.072,-0.006,-0.157,0.848,-3.565,14.386,0.507,0.067,0.07,12.071,-4.435,2023-12,2023,Consumo,Sharpe
Sharpe,3.917,5.485,0.714,0.028,2.265,8.032,47.005,19.002,1.38,0.025,0.041,4.147,56.178,2024-12,2024,Consumo,Sharpe
Sharpe,0.764,7.055,0.108,0.007,0.215,1.299,9.17,24.439,1.15,0.087,0.112,21.967,6.629,2019-12,2019,Energia,Sharpe
Sharpe,-1.214,15.027,-0.081,-0.007,-0.107,0.793,-14.57,52.056,1.818,0.225,0.338,39.61,-24.667,2020-12,2020,Energia,Sharpe
EQ,3.348,7.33,0.457,1.854,0.939,3.299,40.174,25.393,0.018,0.074,0.078,8.215,44.419,2021-12,2021,Energia,Sharpe
Sharpe,4.477,11.077,0.404,0.039,0.698,2.822,53.722,38.372,1.152,0.114,0.164,16.396,58.783,2022-12,2022,Energia,Sharpe
Sharpe,-0.319,6.781,-0.047,-0.013,-0.061,0.886,-3.832,23.491,0.253,0.116,0.137,14.191,-6.262,2023-12,2023,Energia,Sharpe
Sharpe,-1.377,6.587,-0.209,-0.023,-0.308,0.586,-16.523,22.819,0.589,0.103,0.123,30.592,-17.393,2024-12,2024,Energia,Sharpe
Sharpe,1.466,8.046,0.182,0.01,0.551,1.597,17.586,27.872,1.402,0.081,0.082,14.344,15.111,2019-12,2019,Industriales,Sharpe
Sharpe,2.154,9.671,0.223,0.019,0.286,2.007,25.842,33.502,1.108,0.112,0.17,22.325,22.929,2020-12,2020,Industriales,Sharpe
Sharpe,2.393,7.718,0.31,0.029,0.536,2.621,28.719,26.735,0.839,0.066,0.114,11.364,28.837,2021-12,2021,Industriales,Sharpe
Sharpe,1.163,9.626,0.121,0.009,0.3,1.319,13.958,33.344,1.25,0.11,0.11,25.154,9.278,2022-12,2022,Industriales,Sharpe
Sharpe,-0.21,7.768,-0.027,-0.002,-0.061,0.929,-2.523,26.908,1.038,0.083,0.085,17.921,-5.563,2023-12,2023,Industriales,Sharpe
Sharpe,3.718,7.505,0.495,0.054,1.362,3.242,44.616,25.998,0.685,0.082,0.083,10.741,50.499,2024-12,2024,Industriales,Sharpe
Sharpe,0.304,0.347,0.876,-0.216,8.715,15.283,3.648,1.202,-0.014,0.001,0.001,0.111,3.703,2019-12,2019,Bonos,Sharpe
Sharpe,0.289,0.334,0.865,0.166,5.972,24.702,3.466,1.157,0.017,0.001,0.001,0.112,3.515,2020-12,2020,Bonos,Sharpe
Sharpe,-0.162,0.312,-0.518,-0.15,-1.111,0.323,-1.942,1.082,0.011,0.005,0.005,1.789,-1.93,2021-12,2021,Bonos,Sharpe
Sharpe,-0.973,3.397,-0.286,-0.021,-0.546,0.498,-11.672,11.769,0.465,0.052,0.055,12.927,-11.635,2022-12,2022,Bonos,Sharpe
EQ,0.549,2.867,0.191,0.009,0.461,1.628,6.585,9.932,0.597,0.031,0.031,6.81,6.313,2023-12,2023,Bonos,Sharpe
Sharpe,0.37,0.717,0.517,0.038,1.987,3.089,4.446,2.482,0.098,0.006,0.007,0.762,4.508,2024-12,2024,Bonos,Sharpe
EQ,3.691,21.743,0.17,-0.016,0.869,1.517,44.286,75.318,-2.36,0.185,0.186,51.349,22.835,2019-12,2019,Criptomonedas,Sharpe
Sharpe,13.087,19.979,0.655,0.068,0.886,5.24,157.041,69.209,1.929,0.163,0.293,30.659,261.19,2020-12,2020,Criptomonedas,Sharpe
Sharpe,15.701,27.799,0.565,0.05,2.641,3.958,188.414,96.297,3.13,0.208,0.225,31.25,313.739,2021-12,2021,Criptomonedas,Sharpe
Sharpe,-5.492,25.442,-0.216,-0.02,-0.457,0.581,-65.906,88.135,2.679,0.342,0.431,65.069,-65.174,2022-12,2022,Criptomonedas,Sharpe
EQ,7.097,14.591,0.486,0.047,1.193,3.895,85.159,50.546,1.521,0.111,0.153,16.701,105.892,2023-12,2023,Criptomonedas,Sharpe
Sharpe,9.487,23.13,0.41,0.019,1.617,3.982,113.841,80.123,5.101,0.129,0.159,17.875,139.31,2024-12,2024,Criptomonedas,Sharpe
Sharpe,2.465,4.47,0.551,-0.131,1.844,4.333,29.576,15.486,-0.188,0.036,0.043,4.276,32.546,2019-12,2019,Alternativos,Sharpe
Sharpe,0.9,4.824,0.187,0.023,0.542,1.64,10.801,16.712,0.393,0.043,0.05,8.976,9.989,2020-12,2020,Alternativos,Sharpe
Sharpe,-0.268,4.297,-0.062,-0.007,-0.098,0.852,-3.211,14.884,0.376,0.067,0.071,7.938,-4.149,2021-12,2021,Alternativos,Sharpe
Sharpe,-0.838,11.568,-0.072,-0.006,-0.152,0.836,-10.051,40.071,1.411,0.165,0.18,25.242,-16.077,2022-12,2022,Alternativos,Sharpe
Sharpe,-0.561,6.987,-0.08,0.027,-0.194,0.821,-6.73,24.204,-0.207,0.088,0.103,17.862,-8.974,2023-12,2023,Alternativos,Sharpe
Sharpe,2.41,3.323,0.725,0.041,0.729,5.127,28.922,11.512,0.582,0.033,0.058,5.842,32.292,2024-12,2024,Alternativos,Sharpe
Sortino,3.425,5.907,0.58,0.026,0.839,4.021,41.103,20.461,1.319,0.062,0.089,8.925,47.061,2019-12,2019,Tecnologia,Sortino
Sortino,3.378,6.976,0.484,0.045,1.511,3.081,40.53,24.164,0.757,0.065,0.074,9.786,45.254,2020-12,2020,Tecnologia,Sortino
Sortino,3.358,6.992,0.48,0.066,1.136,4.132,40.297,24.22,0.506,0.049,0.074,7.434,45.021,2021-12,2021,Tecnologia,Sortino
Sortino,-2.889,9.987,-0.289,-0.02,-0.554,0.513,-34.665,34.595,1.476,0.156,0.163,36.467,-33.583,2022-12,2022,Tecnologia,Sortino
Sortino,2.583,8.254,0.313,0.022,0.508,2.189,30.992,28.592,1.154,0.105,0.12,14.112,30.942,2023-12,2023,Tecnologia,Sortino
Sortino,3.178,6.9,0.461,0.019,0.708,3.329,38.142,23.901,1.652,0.071,0.103,10.365,41.99,2024-12,2024,Tecnologia,Sortino
Sortino,1.637,3.907,0.419,-0.646,0.575,3.134,19.647,13.533,-0.025,0.039,0.064,6.418,20.525,2019-12,2019,Salud,Sortino
Sortino,0.303,5.746,0.053,0.005,0.101,1.132,3.632,19.906,0.609,0.079,0.089,9.656,1.825,2020-12,2020,Salud,Sortino
Sortino,3.78,6.166,0.613,0.033,0.797,4.849,45.365,21.36,1.15,0.051,0.094,9.388,53.027,2021-12,2021,Salud,Sortino
Sortino,0.804,6.133,0.131,0.016,0.213,1.428,9.646,21.245,0.496,0.087,0.096,7.983,7.853,2022-12,2022,Salud,Sortino
Sortino,1.008,4.243,0.238,0.049,0.996,1.768,12.092,14.698,0.205,0.04,0.041,3.955,11.702,2023-12,2023,Salud,Sortino
Sortino,2.252,7.034,0.32,0.023,2.89,2.187,27.023,24.368,0.989,0.047,0.049,15.363,27.338,2024-12,2024,Salud,Sortino
Sortino,4.021,4.043,0.994,0.056,2.239,11.9,48.25,14.007,0.717,0.021,0.035,3.483,59.158,2019-12,2019,Financieros,Sortino
Sortino,1.682,10.436,0.161,0.013,0.303,1.47,20.186,36.151,1.294,0.133,0.164,23.734,15.125,2020-12,2020,Financieros,Sortino
Sortino,1.621,6.94,0.234,0.015,0.567,1.922,19.451,24.042,1.053,0.073,0.087,8.811,18.257,2021-12,2021,Financieros,Sortino
Sortino,-0.109,8.604,-0.013,-0.001,-0.023,0.97,-1.31,29.805,0.996,0.128,0.146,25.427,-5.296,2022-12,2022,Financieros,Sortino
Sortino,-0.466,13.866,-0.034,-0.004,-0.041,0.91,-5.59,48.033,1.182,0.204,0.326,32.748,-15.969,2023-12,2023,Financieros,Sortino
Sortino,2.369,4.195,0.565,0.03,2.148,3.794,28.429,14.533,0.796,0.033,0.04,3.965,31.225,2024-12,2024,Financieros,Sortino
Sortino,2.762,3.534,0.782,0.08,9.098,11.929,33.147,12.243,0.347,0.015,0.017,1.731,37.784,2019-12,2019,Consumo,Sortino
Sortino,1.284,4.693,0.274,0.023,0.407,2.151,15.409,16.258,0.547,0.054,0.076,10.996,15.17,2020-12,2020,Consumo,Sortino
Sortino,3.888,5.226,0.744,0.051,1.639,5.078,46.652,18.104,0.761,0.049,0.061,6.081,55.798,2021-12,2021,Consumo,Sortino
Sortino,-0.846,8.07,-0.105,-0.009,-0.292,0.782,-10.154,27.957,0.975,0.103,0.117,14.041,-12.907,2022-12,2022,Consumo,Sortino
Sortino,-0.297,4.153,-0.072,-0.006,-0.157,0.848,-3.565,14.386,0.507,0.067,0.07,12.071,-4.435,2023-12,2023,Consumo,Sortino
Sortino,3.918,5.485,0.714,0.028,2.266,8.036,47.011,19.001,1.38,0.025,0.041,4.146,56.187,2024-12,2024,Consumo,Sortino
Sortino,0.764,7.055,0.108,0.007,0.215,1.299,9.17,24.439,1.15,0.087,0.112,21.967,6.629,2019-12,2019,Energia,Sortino
Sortino,-1.214,15.029,-0.081,-0.007,-0.106,0.793,-14.566,52.06,1.818,0.225,0.338,39.617,-24.667,2020-12,2020,Energia,Sortino
EQ,3.348,7.33,0.457,1.854,0.939,3.299,40.174,25.393,0.018,0.074,0.078,8.215,44.419,2021-12,2021,Energia,Sortino
Sortino,4.477,11.077,0.404,0.039,0.698,2.822,53.721,38.371,1.152,0.114,0.164,16.395,58.781,2022-12,2022,Energia,Sortino
Sortino,-0.319,6.781,-0.047,-0.013,-0.061,0.886,-3.832,23.491,0.253,0.116,0.137,14.191,-6.262,2023-12,2023,Energia,Sortino
Sortino,-1.377,6.59,-0.209,-0.023,-0.308,0.586,-16.525,22.827,0.59,0.103,0.123,30.597,-17.397,2024-12,2024,Energia,Sortino
Sortino,1.465,8.049,0.182,0.01,0.551,1.596,17.575,27.883,1.402,0.081,0.082,14.355,15.096,2019-12,2019,Industriales,Sortino
Sortino,2.154,9.672,0.223,0.019,0.286,2.007,25.844,33.505,1.108,0.112,0.17,22.325,22.931,2020-12,2020,Industriales,Sortino
Sortino,2.393,7.718,0.31,0.029,0.536,2.621,28.719,26.735,0.839,0.066,0.114,11.364,28.837,2021-12,2021,Industriales,Sortino
Sortino,1.164,9.627,0.121,0.009,0.3,1.32,13.967,33.347,1.25,0.11,0.11,25.155,9.287,2022-12,2022,Industriales,Sortino
Sortino,-0.21,7.768,-0.027,-0.002,-0.061,0.929,-2.523,26.908,1.038,0.083,0.085,17.921,-5.563,2023-12,2023,Industriales,Sortino
Sortino,3.719,7.506,0.495,0.054,1.362,3.243,44.628,26.002,0.685,0.082,0.083,10.742,50.515,2024-12,2024,Industriales,Sortino
Sortino,0.304,0.347,0.877,-0.218,8.724,15.316,3.65,1.202,-0.014,0.001,0.001,0.111,3.705,2019-12,2019,Bonos,Sortino
Sortino,0.289,0.333,0.867,0.169,5.998,24.815,3.465,1.154,0.017,0.001,0.001,0.112,3.514,2020-12,2020,Bonos,Sortino
Sortino,-0.161,0.311,-0.518,-0.152,-1.111,0.323,-1.938,1.079,0.011,0.005,0.005,1.786,-1.926,2021-12,2021,Bonos,Sortino
Sortino,-0.973,3.397,-0.286,-0.021,-0.546,0.498,-11.672,11.768,0.465,0.052,0.055,12.927,-11.636,2022-12,2022,Bonos,Sortino
EQ,0.549,2.867,0.191,0.009,0.461,1.628,6.585,9.932,0.597,0.031,0.031,6.81,6.313,2023-12,2023,Bonos,Sortino
Sortino,0.371,0.717,0.517,0.038,1.989,3.089,4.447,2.483,0.099,0.006,0.007,0.762,4.509,2024-12,2024,Bonos,Sortino
EQ,3.691,21.743,0.17,-0.016,0.869,1.517,44.286,75.318,-2.36,0.185,0.186,51.349,22.835,2019-12,2019,Criptomonedas,Sortino
Sortino,13.088,19.981,0.655,0.068,0.887,5.241,157.059,69.215,1.93,0.163,0.292,30.66,261.24,2020-12,2020,Criptomonedas,Sortino
Sortino,15.679,27.76,0.565,0.05,2.641,3.957,188.153,96.162,3.126,0.208,0.225,31.217,313.133,2021-12,2021,Criptomonedas,Sortino
Sortino,-5.492,25.44,-0.216,-0.02,-0.457,0.581,-65.903,88.128,2.679,0.342,0.431,65.065,-65.171,2022-12,2022,Criptomonedas,Sortino
EQ,7.097,14.591,0.486,0.047,1.193,3.895,85.159,50.546,1.521,0.111,0.153,16.701,105.892,2023-12,2023,Criptomonedas,Sortino
Sortino,9.488,23.136,0.41,0.019,1.617,3.981,113.853,80.144,5.103,0.129,0.159,17.876,139.314,2024-12,2024,Criptomonedas,Sortino
Sortino,2.465,4.47,0.551,-0.131,1.844,4.333,29.576,15.486,-0.188,0.036,0.043,4.276,32.546,2019-12,2019,Alternativos,Sortino
Sortino,0.9,4.824,0.187,0.023,0.542,1.64,10.796,16.709,0.393,0.043,0.05,8.981,9.984,2020-12,2020,Alternativos,Sortino
Sortino,-0.268,4.297,-0.062,-0.007,-0.098,0.852,-3.211,14.884,0.376,0.067,0.071,7.938,-4.149,2021-12,2021,Alternativos,Sortino
Sortino,-0.838,11.568,-0.072,-0.006,-0.152,0.836,-10.057,40.073,1.411,0.165,0.18,25.248,-16.083,2022-12,2022,Alternativos,Sortino
Sortino,-0.562,6.987,-0.08,0.027,-0.194,0.82,-6.746,24.203,-0.207,0.088,0.103,17.863,-8.988,2023-12,2023,Alternativos,Sortino
Sortino,2.409,3.324,0.725,0.041,0.729,5.119,28.907,11.515,0.583,0.033,0.058,5.845,32.272,2024-12,2024,Alternativos,Sortino
Treynor,3.006,5.801,0.518,0.022,0.681,3.449,36.072,20.095,1.393,0.072,0.088,8.785,40.126,2019-12,2019,Tecnologia,Treynor
Treynor,3.811,7.589,0.502,0.047,2.051,3.108,45.728,26.288,0.808,0.069,0.074,11.235,52.041,2020-12,2020,Tecnologia,Treynor
Treynor,3.214,6.986,0.46,0.06,1.083,4.15,38.569,24.199,0.532,0.048,0.073,7.33,42.625,2021-12,2021,Tecnologia,Treynor
Treynor,-3.572,9.389,-0.38,-0.026,-0.647,0.413,-42.865,32.525,1.368,0.154,0.182,36.293,-38.653,2022-12,2022,Tecnologia,Treynor
Treynor,2.583,8.254,0.313,0.022,0.508,2.189,30.992,28.592,1.154,0.105,0.12,14.112,30.942,2023-12,2023,Tecnologia,Treynor
Treynor,4.111,6.707,0.613,0.026,2.373,4.836,49.332,23.232,1.567,0.063,0.077,7.656,58.483,2024-12,2024,Tecnologia,Treynor
Treynor,1.24,3.73,0.332,1.251,0.44,2.461,14.883,12.922,0.01,0.043,0.065,6.518,15.071,2019-12,2019,Salud,Treynor
Treynor,0.839,5.821,0.144,0.015,0.231,1.448,10.069,20.166,0.578,0.084,0.088,10.096,8.519,2020-12,2020,Salud,Treynor
Treynor,3.792,6.01,0.631,0.03,0.776,5.189,45.501,20.82,1.257,0.051,0.089,8.886,53.395,2021-12,2021,Salud,Treynor
Treynor,0.898,5.889,0.153,0.019,0.264,1.498,10.777,20.398,0.476,0.08,0.081,8.557,9.258,2022-12,2022,Salud,Treynor
Treynor,1.282,4.186,0.306,0.065,0.814,2.081,15.379,14.502,0.196,0.04,0.048,3.493,15.423,2023-12,2023,Salud,Treynor
Treynor,2.131,7.673,0.278,0.02,0.917,1.977,25.568,26.581,1.059,0.063,0.067,17.522,24.904,2024-12,2024,Salud,Treynor
Treynor,3.926,3.897,1.007,0.056,2.159,11.117,47.109,13.499,0.695,0.022,0.036,3.614,57.505,2019-12,2019,Financieros,Treynor
Treynor,1.975,10.479,0.188,0.016,0.374,1.561,23.695,36.3,1.263,0.134,0.146,21.615,19.156,2020-12,2020,Financieros,Treynor
Treynor,0.845,7.389,0.114,0.008,0.235,1.34,10.14,25.595,1.04,0.086,0.104,15.757,7.429,2021-12,2021,Financieros,Treynor
Treynor,-0.535,9.113,-0.059,-0.005,-0.128,0.865,-6.415,31.568,1.139,0.13,0.131,25.138,-10.425,2022-12,2022,Financieros,Treynor
Treynor,-0.466,13.866,-0.034,-0.004,-0.041,0.91,-5.59,48.033,1.182,0.204,0.326,32.748,-15.969,2023-12,2023,Financieros,Treynor
Treynor,2.3,3.972,0.579,0.028,1.641,3.975,27.601,13.761,0.811,0.03,0.044,4.413,30.289,2024-12,2024,Financieros,Treynor
Treynor,2.369,3.005,0.788,0.081,6.357,10.568,28.429,10.409,0.291,0.01,0.013,1.689,31.82,2019-12,2019,Consumo,Treynor
Treynor,1.272,5.004,0.254,0.021,0.358,1.962,15.269,17.336,0.605,0.069,0.078,13.408,14.81,2020-12,2020,Consumo,Treynor
Treynor,2.646,4.565,0.58,0.03,1.299,3.491,31.749,15.814,0.871,0.048,0.066,6.575,35.283,2021-12,2021,Consumo,Treynor
Treynor,-0.682,7.227,-0.094,-0.008,-0.204,0.8,-8.184,25.034,0.896,0.092,0.096,13.219,-10.503,2022-12,2022,Consumo,Treynor
Treynor,-0.257,3.946,-0.065,-0.005,-0.142,0.857,-3.088,13.67,0.482,0.06,0.063,11.479,-3.882,2023-12,2023,Consumo,Treynor
Treynor,3.884,5.509,0.705,0.028,2.238,7.746,46.602,19.085,1.384,0.026,0.042,4.213,55.552,2024-12,2024,Consumo,Treynor
Treynor,1.055,7.111,0.148,0.009,0.262,1.434,12.664,24.634,1.198,0.087,0.113,21.136,10.338,2019-12,2019,Energia,Treynor
Treynor,-1.303,14.679,-0.089,-0.007,-0.128,0.776,-15.634,50.849,1.785,0.211,0.307,37.451,-24.64,2020-12,2020,Energia,Treynor
Treynor,,,,,,,,,,,,,0.0,2021-12,2021,Energia,Treynor
Treynor,4.569,10.616,0.43,0.044,0.761,3.163,54.827,36.774,1.037,0.105,0.145,14.472,61.442,2022-12,2022,Energia,Treynor
Treynor,-0.016,5.643,-0.003,-0.001,-0.004,0.993,-0.189,19.548,0.296,0.09,0.113,11.711,-1.969,2023-12,2023,Energia,Treynor
Treynor,-1.325,5.881,-0.225,-0.025,-0.33,0.566,-15.899,20.373,0.527,0.095,0.109,28.487,-16.452,2024-12,2024,Energia,Treynor
Treynor,1.225,8.95,0.137,0.009,0.498,1.4,14.705,31.004,1.419,0.092,0.098,17.132,10.942,2019-12,2019,Industriales,Treynor
Treynor,2.115,9.494,0.223,0.019,0.311,1.967,25.376,32.886,1.107,0.112,0.164,22.173,22.581,2020-12,2020,Industriales,Treynor
Treynor,2.079,7.39,0.281,0.022,0.481,2.408,24.948,25.601,0.961,0.075,0.105,12.179,24.475,2021-12,2021,Industriales,Treynor
Treynor,1.289,10.524,0.122,0.009,0.242,1.354,15.466,36.455,1.456,0.124,0.14,25.323,9.87,2022-12,2022,Industriales,Treynor
Treynor,-0.131,7.781,-0.017,-0.001,-0.04,0.955,-1.571,26.954,1.058,0.082,0.084,17.906,-4.662,2023-12,2023,Industriales,Treynor
Treynor,4.571,8.593,0.532,0.07,1.623,3.618,54.849,29.768,0.657,0.086,0.088,11.424,64.661,2024-12,2024,Industriales,Treynor
Treynor,0.29,0.387,0.75,-0.084,5.47,9.077,3.482,1.34,-0.034,0.001,0.002,0.162,3.53,2019-12,2019,Bonos,Treynor
Treynor,0.579,0.808,0.717,0.114,2.771,6.238,6.953,2.8,0.051,0.005,0.005,0.802,7.141,2020-12,2020,Bonos,Treynor
Treynor,-0.051,0.482,-0.105,-0.045,-0.175,0.77,-0.608,1.671,0.011,0.007,0.008,1.411,-0.619,2021-12,2021,Bonos,Treynor
Treynor,-0.988,3.266,-0.303,-0.022,-0.508,0.471,-11.857,11.312,0.444,0.052,0.057,12.981,-11.759,2022-12,2022,Bonos,Treynor
Treynor,,,,,,,,,,,,,0.0,2023-12,2023,Bonos,Treynor
Treynor,0.386,0.742,0.52,0.036,2.302,3.09,4.629,2.571,0.108,0.007,0.007,0.746,4.697,2024-12,2024,Bonos,Treynor
Treynor,,,,,,,,,,,,,0.0,2019-12,2019,Criptomonedas,Treynor
Treynor,14.841,21.82,0.68,0.065,0.899,5.926,178.093,75.588,2.27,0.162,0.31,31.033,321.053,2020-12,2020,Criptomonedas,Treynor
Treynor,21.949,42.075,0.522,0.058,4.083,4.95,263.393,145.753,3.792,0.208,0.233,32.662,512.642,2021-12,2021,Criptomonedas,Treynor
Treynor,-6.412,20.452,-0.314,-0.032,-0.59,0.465,-76.943,70.847,1.982,0.301,0.375,61.848,-65.041,2022-12,2022,Criptomonedas,Treynor
Treynor,,,,,,,,,,,,,0.0,2023-12,2023,Criptomonedas,Treynor
Treynor,9.155,27.671,0.331,0.015,1.55,3.264,109.855,95.855,6.093,0.156,0.174,23.693,113.518,2024-12,2024,Criptomonedas,Treynor
Treynor,2.193,4.191,0.523,-0.157,1.836,4.005,26.314,14.517,-0.14,0.035,0.041,4.102,28.544,2019-12,2019,Alternativos,Treynor
Treynor,0.619,4.874,0.127,0.012,0.249,1.378,7.432,16.884,0.539,0.061,0.078,12.183,6.311,2020-12,2020,Alternativos,Treynor
Treynor,1.231,4.448,0.277,0.015,0.441,1.902,14.777,15.408,0.844,0.06,0.061,6.143,14.573,2021-12,2021,Alternativos,Treynor
Treynor,-0.224,9.868,-0.023,-0.002,-0.039,0.945,-2.684,34.183,1.258,0.151,0.158,21.087,-7.795,2022-12,2022,Alternativos,Treynor
Treynor,-1.008,6.968,-0.145,0.034,-0.376,0.709,-12.099,24.137,-0.294,0.095,0.103,18.238,-13.783,2023-12,2023,Alternativos,Treynor
Treynor,2.405,3.216,0.748,0.051,0.664,5.77,28.859,11.14,0.476,0.028,0.056,5.588,32.264,2024-12,2024,Alternativos,Treynor
PMVg,2.617,7.207,0.363,0.02,0.517,2.37,31.404,24.965,1.32,0.093,0.133,16.439,32.522,2019-12,2019,Tecnologia,PMVg
PMVg,2.984,6.812,0.438,0.039,2.495,2.807,35.81,23.597,0.772,0.071,0.079,11.606,38.885,2020-12,2020,Tecnologia,PMVg
PMVg,2.825,4.74,0.596,0.031,1.722,4.286,33.906,16.421,0.907,0.036,0.04,6.745,38.082,2021-12,2021,Tecnologia,PMVg
PMVg,-2.921,9.955,-0.293,-0.02,-0.546,0.494,-35.054,34.484,1.453,0.151,0.183,33.032,-33.809,2022-12,2022,Tecnologia,PMVg
PMVg,4.036,5.807,0.695,0.059,3.042,8.796,48.434,20.115,0.685,0.026,0.034,6.102,58.102,2023-12,2023,Tecnologia,PMVg
PMVg,1.744,3.812,0.457,0.017,0.56,2.927,20.923,13.205,1.032,0.046,0.071,7.135,22.078,2024-12,2024,Tecnologia,PMVg
PMVg,0.144,4.375,0.033,0.011,0.056,1.084,1.723,15.156,0.128,0.062,0.076,12.249,0.663,2019-12,2019,Salud,PMVg
PMVg,0.587,5.726,0.103,0.009,0.265,1.268,7.044,19.834,0.64,0.07,0.073,9.551,5.385,2020-12,2020,Salud,PMVg
PMVg,1.19,6.804,0.175,0.009,0.293,1.636,14.277,23.569,1.346,0.073,0.115,11.523,12.442,2021-12,2021,Salud,PMVg
PMVg,0.996,5.075,0.196,0.029,0.315,1.708,11.953,17.582,0.346,0.067,0.075,9.665,11.076,2022-12,2022,Salud,PMVg
PMVg,-0.305,3.875,-0.079,-0.009,-0.149,0.826,-3.657,13.423,0.334,0.057,0.07,4.995,-4.401,2023-12,2023,Salud,PMVg
PMVg,0.088,3.35,0.026,0.001,0.04,1.065,1.059,11.606,0.728,0.05,0.059,11.828,0.435,2024-12,2024,Salud,PMVg
PMVg,2.11,8.111,0.26,0.015,0.533,1.967,25.315,28.098,1.407,0.091,0.092,10.724,24.11,2019-12,2019,Financieros,PMVg
PMVg,0.228,10.254,0.022,0.002,0.035,1.06,2.732,35.52,1.249,0.139,0.181,26.137,-3.041,2020-12,2020,Financieros,PMVg
PMVg,1.545,6.799,0.227,0.013,0.407,1.891,18.543,23.554,1.17,0.081,0.088,10.778,17.297,2021-12,2021,Financieros,PMVg
PMVg,-0.428,9.019,-0.047,-0.004,-0.106,0.887,-5.136,31.242,1.147,0.108,0.126,25.819,-9.072,2022-12,2022,Financieros,PMVg
PMVg,1.219,6.236,0.196,0.011,0.359,1.629,14.632,21.601,1.074,0.078,0.094,12.763,13.256,2023-12,2023,Financieros,PMVg
PMVg,2.205,3.859,0.571,0.027,1.243,3.96,26.464,13.368,0.802,0.032,0.048,4.846,28.902,2024-12,2024,Financieros,PMVg
PMVg,2.394,2.978,0.804,0.077,4.508,9.969,28.722,10.316,0.312,0.012,0.014,1.781,32.208,2019-12,2019,Consumo,PMVg
PMVg,1.18,4.933,0.239,0.019,0.359,1.884,14.163,17.087,0.607,0.066,0.074,12.91,13.611,2020-12,2020,Consumo,PMVg
PMVg,1.906,4.721,0.404,0.021,1.134,2.7,22.877,16.353,0.894,0.053,0.06,4.81,23.953,2021-12,2021,Consumo,PMVg
PMVg,-0.024,6.556,-0.004,-0.0,-0.013,0.991,-0.291,22.712,0.797,0.067,0.069,9.524,-2.557,2022-12,2022,Consumo,PMVg
PMVg,-0.221,3.917,-0.056,-0.005,-0.097,0.875,-2.651,13.568,0.467,0.057,0.06,11.244,-3.446,2023-12,2023,Consumo,PMVg
PMVg,2.939,3.798,0.774,0.03,1.14,8.162,35.264,13.155,0.97,0.023,0.043,4.285,40.501,2024-12,2024,Consumo,PMVg
PMVg,0.9,4.749,0.189,0.009,0.348,1.574,10.798,16.45,1.052,0.065,0.068,10.183,9.987,2019-12,2019,Energia,PMVg
PMVg,-2.265,13.005,-0.174,-0.015,-0.334,0.62,-27.186,45.052,1.525,0.171,0.212,40.336,-30.766,2020-12,2020,Energia,PMVg
PMVg,3.141,6.789,0.463,-0.121,0.649,3.103,37.694,23.516,-0.26,0.087,0.091,9.087,41.437,2021-12,2021,Energia,PMVg
PMVg,3.505,10.063,0.348,0.033,0.532,2.467,42.057,34.861,1.078,0.116,0.16,16.045,43.327,2022-12,2022,Energia,PMVg
PMVg,0.641,6.827,0.094,0.132,0.107,1.284,7.689,23.649,0.049,0.105,0.16,16.045,5.107,2023-12,2023,Energia,PMVg
PMVg,-0.549,4.52,-0.121,-0.01,-0.523,0.752,-6.588,15.657,0.573,0.064,0.068,18.885,-7.454,2024-12,2024,Energia,PMVg
PMVg,2.606,8.628,0.302,0.013,0.464,2.258,31.274,29.888,2.01,0.113,0.129,13.647,30.924,2019-12,2019,Industriales,PMVg
PMVg,1.883,8.976,0.21,0.018,0.294,1.889,22.6,31.094,1.044,0.105,0.156,20.893,19.871,2020-12,2020,Industriales,PMVg
PMVg,1.058,5.963,0.177,0.009,0.403,1.563,12.69,20.656,1.131,0.073,0.091,16.971,11.288,2021-12,2021,Industriales,PMVg
PMVg,-1.471,9.356,-0.157,-0.011,-0.38,0.678,-17.656,32.411,1.291,0.125,0.14,29.502,-20.224,2022-12,2022,Industriales,PMVg
PMVg,1.065,6.978,0.153,0.01,0.363,1.481,12.785,24.171,1.118,0.073,0.088,13.108,10.663,2023-12,2023,Industriales,PMVg
PMVg,1.454,3.865,0.376,0.015,0.599,2.715,17.446,13.389,0.971,0.047,0.053,5.311,17.964,2024-12,2024,Industriales,PMVg
PMVg,0.381,0.404,0.944,0.143,14.014,56.82,4.575,1.399,0.027,0.0,0.001,0.06,4.663,2019-12,2019,Bonos,PMVg
PMVg,0.272,0.413,0.66,-0.085,24.622,53.042,3.267,1.429,-0.032,0.0,0.0,0.051,3.306,2020-12,2020,Bonos,PMVg
PMVg,-0.046,0.154,-0.302,0.206,-0.476,0.478,-0.557,0.532,-0.002,0.003,0.003,0.777,-0.556,2021-12,2021,Bonos,PMVg
PMVg,-0.391,0.788,-0.496,-0.051,-0.974,0.32,-4.688,2.73,0.076,0.014,0.014,4.528,-4.622,2022-12,2022,Bonos,PMVg
PMVg,0.327,0.755,0.433,0.037,0.857,3.006,3.921,2.616,0.089,0.007,0.01,0.99,3.96,2023-12,2023,Bonos,PMVg
PMVg,0.319,0.639,0.499,0.048,1.171,3.087,3.824,2.213,0.066,0.006,0.007,0.815,3.869,2024-12,2024,Bonos,PMVg
PMVg,9.408,25.259,0.372,-0.044,1.48,2.513,112.892,87.5,-2.139,0.194,0.195,45.696,120.438,2019-12,2019,Criptomonedas,PMVg
PMVg,14.258,53.15,0.268,0.037,0.749,2.562,171.098,184.116,3.848,0.383,0.528,52.789,84.98,2020-12,2020,Criptomonedas,PMVg
PMVg,30.953,72.784,0.425,0.052,2.33,5.476,371.434,252.133,5.934,0.281,0.402,47.064,668.921,2021-12,2021,Criptomonedas,PMVg
PMVg,-6.65,17.943,-0.371,-0.04,-0.616,0.406,-79.796,62.158,1.676,0.284,0.395,63.073,-64.461,2022-12,2022,Criptomonedas,PMVg
PMVg,9.693,19.093,0.508,0.046,2.283,4.71,116.318,66.139,2.103,0.099,0.141,23.142,159.26,2023-12,2023,Criptomonedas,PMVg
PMVg,7.05,25.458,0.277,0.012,0.974,2.368,84.603,88.188,5.943,0.185,0.203,28.948,72.137,2024-12,2024,Criptomonedas,PMVg
PMVg,1.155,2.656,0.435,0.032,1.954,3.605,13.865,9.202,0.366,0.015,0.017,2.777,14.352,2019-12,2019,Alternativos,PMVg
PMVg,0.854,7.055,0.121,0.01,0.175,1.362,10.254,24.439,0.816,0.09,0.142,17.057,7.728,2020-12,2020,Alternativos,PMVg
PMVg,2.858,4.51,0.634,0.024,1.6,4.129,34.296,15.624,1.176,0.043,0.056,5.608,38.731,2021-12,2021,Alternativos,PMVg
PMVg,-0.331,6.605,-0.05,-0.004,-0.074,0.875,-3.972,22.881,0.814,0.105,0.113,14.341,-6.212,2022-12,2022,Alternativos,PMVg
PMVg,0.663,3.727,0.178,0.012,0.363,1.511,7.958,12.91,0.545,0.049,0.051,7.161,7.436,2023-12,2023,Alternativos,PMVg
PMVg,0.917,2.363,0.388,0.023,0.838,2.784,11.006,8.186,0.402,0.024,0.028,2.778,11.244,2024-12,2024,Alternativos,PMVg
VaR_CVaR,2.625,8.476,0.31,0.021,0.441,2.12,31.505,29.361,1.277,0.102,0.149,20.358,31.235,2019-12,2019,Tecnologia,VaR_CVaR
VaR_CVaR,3.198,6.721,0.476,0.049,1.833,3.197,38.378,23.282,0.652,0.056,0.065,10.008,42.534,2020-12,2020,Tecnologia,VaR_CVaR
VaR_CVaR,2.362,4.615,0.512,0.024,1.773,3.433,28.338,15.987,0.966,0.039,0.043,7.643,30.851,2021-12,2021,Tecnologia,VaR_CVaR
VaR_CVaR,-3.236,14.232,-0.227,-0.018,-0.309,0.534,-38.837,49.3,1.817,0.253,0.319,41.732,-40.574,2022-12,2022,Tecnologia,VaR_CVaR
VaR_CVaR,4.211,5.768,0.73,0.06,3.097,7.752,50.529,19.98,0.707,0.029,0.034,6.959,61.334,2023-12,2023,Tecnologia,VaR_CVaR
VaR_CVaR,-0.962,7.878,-0.122,-0.004,-0.152,0.728,-11.539,27.29,2.169,0.131,0.189,22.08,-14.154,2024-12,2024,Tecnologia,VaR_CVaR
VaR_CVaR,0.661,4.101,0.161,-0.208,0.233,1.522,7.933,14.208,-0.032,0.06,0.068,13.635,7.235,2019-12,2019,Salud,VaR_CVaR
VaR_CVaR,1.125,6.386,0.176,0.016,0.415,1.56,13.505,22.122,0.695,0.07,0.085,10.033,11.923,2020-12,2020,Salud,VaR_CVaR
VaR_CVaR,2.402,5.564,0.432,0.017,0.884,3.202,28.82,19.275,1.426,0.046,0.073,7.302,30.821,2021-12,2021,Salud,VaR_CVaR
VaR_CVaR,2.444,5.886,0.415,0.056,0.926,3.217,29.325,20.389,0.436,0.053,0.058,8.272,31.237,2022-12,2022,Salud,VaR_CVaR
VaR_CVaR,0.171,4.245,0.04,-0.012,0.084,1.098,2.05,14.706,-0.143,0.051,0.052,5.06,1.066,2023-12,2023,Salud,VaR_CVaR
VaR_CVaR,-0.254,4.365,-0.058,-0.004,-0.093,0.863,-3.053,15.119,0.721,0.069,0.076,15.681,-4.029,2024-12,2024,Salud,VaR_CVaR
VaR_CVaR,2.131,8.355,0.255,0.017,0.654,1.952,25.567,28.943,1.242,0.081,0.087,11.38,24.23,2019-12,2019,Financieros,VaR_CVaR
VaR_CVaR,1.454,11.299,0.129,0.01,0.218,1.366,17.452,39.142,1.386,0.159,0.183,25.337,10.825,2020-12,2020,Financieros,VaR_CVaR
VaR_CVaR,0.256,7.875,0.033,0.002,0.065,1.082,3.073,27.279,1.081,0.099,0.116,21.249,-0.315,2021-12,2021,Financieros,VaR_CVaR
VaR_CVaR,0.369,8.382,0.044,0.004,0.044,1.133,4.432,29.037,0.887,0.141,0.195,26.662,0.315,2022-12,2022,Financieros,VaR_CVaR
VaR_CVaR,1.509,5.503,0.274,0.014,1.064,1.975,18.106,19.062,1.055,0.058,0.063,9.624,17.773,2023-12,2023,Financieros,VaR_CVaR
VaR_CVaR,2.504,4.154,0.603,0.027,1.61,4.056,30.05,14.389,0.92,0.032,0.047,4.705,33.339,2024-12,2024,Financieros,VaR_CVaR
VaR_CVaR,3.019,3.283,0.92,0.068,1.989,13.027,36.228,11.373,0.444,0.014,0.026,2.58,42.097,2019-12,2019,Consumo,VaR_CVaR
VaR_CVaR,1.248,5.161,0.242,0.02,0.401,1.895,14.979,17.878,0.637,0.066,0.07,12.813,14.399,2020-12,2020,Consumo,VaR_CVaR
VaR_CVaR,0.26,4.645,0.056,0.002,0.088,1.145,3.115,16.09,1.082,0.066,0.075,7.524,1.933,2021-12,2021,Consumo,VaR_CVaR
VaR_CVaR,0.25,6.383,0.039,0.003,0.21,1.107,2.999,22.11,0.752,0.055,0.061,8.772,0.869,2022-12,2022,Consumo,VaR_CVaR
VaR_CVaR,0.063,3.391,0.019,0.002,0.084,1.043,0.755,11.747,0.367,0.04,0.043,9.422,0.122,2023-12,2023,Consumo,VaR_CVaR
VaR_CVaR,2.504,3.779,0.663,0.026,0.99,5.942,30.053,13.09,0.966,0.026,0.049,4.946,33.55,2024-12,2024,Consumo,VaR_CVaR
VaR_CVaR,0.694,5.821,0.119,0.006,0.227,1.328,8.328,20.163,1.103,0.08,0.096,18.425,6.648,2019-12,2019,Energia,VaR_CVaR
VaR_CVaR,-1.491,14.428,-0.103,-0.009,-0.188,0.741,-17.893,49.979,1.714,0.179,0.239,33.316,-25.411,2020-12,2020,Energia,VaR_CVaR
VaR_CVaR,2.824,6.674,0.423,-0.077,2.955,2.851,33.885,23.121,-0.367,0.091,0.098,9.83,36.381,2021-12,2021,Energia,VaR_CVaR
VaR_CVaR,3.96,12.072,0.328,0.03,0.532,2.273,47.517,41.819,1.332,0.138,0.195,20.713,47.53,2022-12,2022,Energia,VaR_CVaR
VaR_CVaR,-0.319,6.781,-0.047,-0.013,-0.061,0.886,-3.832,23.491,0.253,0.116,0.137,14.191,-6.262,2023-12,2023,Energia,VaR_CVaR
VaR_CVaR,-0.996,5.538,-0.18,-0.016,-0.311,0.652,-11.949,19.184,0.624,0.08,0.092,24.901,-12.832,2024-12,2024,Energia,VaR_CVaR
VaR_CVaR,1.564,9.164,0.171,0.01,0.643,1.549,18.763,31.747,1.579,0.09,0.095,16.843,15.322,2019-12,2019,Industriales,VaR_CVaR
VaR_CVaR,2.159,9.696,0.223,0.019,0.302,2.008,25.903,33.588,1.108,0.112,0.171,22.345,22.973,2020-12,2020,Industriales,VaR_CVaR
VaR_CVaR,1.676,7.36,0.228,0.012,0.516,1.769,20.117,25.494,1.442,0.081,0.09,17.536,18.633,2021-12,2021,Industriales,VaR_CVaR
VaR_CVaR,0.642,11.833,0.054,0.004,0.091,1.162,7.703,40.991,1.495,0.179,0.181,30.582,-0.074,2022-12,2022,Industriales,VaR_CVaR
VaR_CVaR,0.621,6.788,0.091,0.006,0.222,1.262,7.45,23.513,1.025,0.07,0.081,13.108,5.099,2023-12,2023,Industriales,VaR_CVaR
VaR_CVaR,2.552,4.494,0.568,0.026,0.983,4.181,30.629,15.568,0.988,0.046,0.052,5.173,33.886,2024-12,2024,Industriales,VaR_CVaR
VaR_CVaR,0.297,0.345,0.86,-0.168,8.357,14.048,3.566,1.197,-0.018,0.001,0.001,0.115,3.618,2019-12,2019,Bonos,VaR_CVaR
VaR_CVaR,0.326,0.956,0.341,0.032,0.352,2.655,3.913,3.311,0.103,0.01,0.02,1.975,3.932,2020-12,2020,Bonos,VaR_CVaR
VaR_CVaR,-0.05,0.143,-0.347,0.039,-0.467,0.41,-0.597,0.497,-0.013,0.003,0.003,0.76,-0.596,2021-12,2021,Bonos,VaR_CVaR
VaR_CVaR,-0.415,0.848,-0.49,-0.047,-0.884,0.32,-4.986,2.937,0.088,0.015,0.017,4.873,-4.911,2022-12,2022,Bonos,VaR_CVaR
VaR_CVaR,0.346,0.802,0.432,0.031,0.914,3.014,4.157,2.778,0.11,0.007,0.011,1.062,4.2,2023-12,2023,Bonos,VaR_CVaR
VaR_CVaR,0.319,0.639,0.499,0.048,1.171,3.087,3.824,2.213,0.066,0.006,0.007,0.815,3.869,2024-12,2024,Bonos,VaR_CVaR
VaR_CVaR,1.265,21.044,0.06,-0.005,0.196,1.154,15.181,72.9,-2.427,0.216,0.229,56.223,-7.306,2019-12,2019,Criptomonedas,VaR_CVaR
VaR_CVaR,16.84,26.078,0.646,0.062,1.414,5.163,202.081,90.337,2.72,0.19,0.287,34.619,381.332,2020-12,2020,Criptomonedas,VaR_CVaR
VaR_CVaR,17.721,44.463,0.399,0.042,1.839,3.144,212.656,154.025,4.188,0.281,0.347,49.555,243.785,2021-12,2021,Criptomonedas,VaR_CVaR
VaR_CVaR,-9.823,14.658,-0.67,-0.073,-0.939,0.193,-117.876,50.776,1.344,0.289,0.312,72.824,-74.941,2022-12,2022,Criptomonedas,VaR_CVaR
VaR_CVaR,6.733,17.661,0.381,0.057,0.884,2.788,80.799,61.179,1.178,0.151,0.226,22.591,87.922,2023-12,2023,Criptomonedas,VaR_CVaR
VaR_CVaR,8.098,16.195,0.5,0.029,2.752,5.405,97.173,56.099,2.791,0.08,0.081,13.698,127.121,2024-12,2024,Criptomonedas,VaR_CVaR
VaR_CVaR,1.498,3.513,0.426,0.074,1.106,3.475,17.973,12.169,0.201,0.029,0.03,3.554,18.753,2019-12,2019,Alternativos,VaR_CVaR
VaR_CVaR,1.001,4.976,0.201,0.028,0.521,1.761,12.017,17.237,0.357,0.046,0.056,9.249,11.24,2020-12,2020,Alternativos,VaR_CVaR
VaR_CVaR,2.109,4.977,0.424,0.017,1.057,2.704,25.306,17.241,1.218,0.059,0.068,6.838,26.76,2021-12,2021,Alternativos,VaR_CVaR
VaR_CVaR,-0.854,11.224,-0.076,-0.006,-0.14,0.822,-10.252,38.881,1.51,0.163,0.17,26.548,-15.822,2022-12,2022,Alternativos,VaR_CVaR
VaR_CVaR,1.065,4.269,0.249,0.026,0.568,1.871,12.782,14.789,0.412,0.049,0.053,6.785,12.451,2023-12,2023,Alternativos,VaR_CVaR
VaR_CVaR,-0.019,4.209,-0.005,-0.0,-0.005,0.987,-0.232,14.579,1.111,0.073,0.099,9.904,-1.23,2024-12,2024,Alternativos,VaR_CVaR
Risk_Parity,2.973,5.875,0.506,0.021,0.729,3.142,35.67,20.352,1.389,0.08,0.112,11.208,39.459,2019-12,2019,Tecnologia,Risk_Parity
Risk_Parity,4.065,7.46,0.545,0.045,4.909,3.399,48.775,25.841,0.901,0.057,0.059,10.115,56.764,2020-12,2020,Tecnologia,Risk_Parity
Risk_Parity,2.847,3.814,0.746,0.031,1.358,7.122,34.164,13.212,0.923,0.025,0.043,4.25,38.996,2021-12,2021,Tecnologia,Risk_Parity
Risk_Parity,-3.64,9.119,-0.399,-0.027,-0.714,0.4,-43.683,31.589,1.354,0.152,0.177,35.645,-38.985,2022-12,2022,Tecnologia,Risk_Parity
Risk_Parity,5.228,6.621,0.79,0.044,1.773,11.72,62.736,22.936,1.178,0.026,0.054,5.741,80.354,2023-12,2023,Tecnologia,Risk_Parity
Risk_Parity,2.311,4.42,0.523,0.019,0.773,4.106,27.738,15.311,1.217,0.037,0.066,6.648,30.193,2024-12,2024,Tecnologia,Risk_Parity
Risk_Parity,1.035,3.338,0.31,0.06,0.553,2.198,12.415,11.565,0.173,0.042,0.042,8.077,12.466,2019-12,2019,Salud,Risk_Parity
Risk_Parity,1.206,6.055,0.199,0.018,0.492,1.656,14.469,20.974,0.66,0.067,0.069,8.986,13.246,2020-12,2020,Salud,Risk_Parity
Risk_Parity,2.661,4.721,0.564,0.024,0.894,4.234,31.935,16.355,1.132,0.04,0.067,6.726,35.455,2021-12,2021,Salud,Risk_Parity
Risk_Parity,1.383,5.038,0.275,0.034,0.539,2.197,16.6,17.453,0.408,0.048,0.069,8.09,16.349,2022-12,2022,Salud,Risk_Parity
Risk_Parity,-0.02,3.193,-0.006,-0.001,-0.008,0.984,-0.243,11.061,0.182,0.052,0.071,3.671,-0.812,2023-12,2023,Salud,Risk_Parity
Risk_Parity,0.467,3.699,0.126,0.006,0.273,1.322,5.609,12.812,0.77,0.052,0.056,12.003,4.961,2024-12,2024,Salud,Risk_Parity
Risk_Parity,3.001,5.749,0.522,0.022,0.942,3.397,36.011,19.915,1.367,0.066,0.079,7.934,40.118,2019-12,2019,Financieros,Risk_Parity
Risk_Parity,0.653,10.488,0.062,0.005,0.091,1.184,7.836,36.332,1.315,0.147,0.195,28.161,1.736,2020-12,2020,Financieros,Risk_Parity
Risk_Parity,2.34,5.847,0.4,0.024,0.872,3.025,28.082,20.255,0.979,0.054,0.068,6.841,29.687,2021-12,2021,Financieros,Risk_Parity
Risk_Parity,-0.5,8.613,-0.058,-0.004,-0.146,0.872,-6.006,29.838,1.12,0.106,0.119,24.864,-9.576,2022-12,2022,Financieros,Risk_Parity
Risk_Parity,1.506,7.188,0.21,0.013,0.457,1.644,18.071,24.9,1.173,0.081,0.108,12.522,16.373,2023-12,2023,Financieros,Risk_Parity
Risk_Parity,2.463,4.116,0.598,0.029,2.082,4.85,29.562,14.259,0.842,0.029,0.033,3.251,32.747,2024-12,2024,Financieros,Risk_Parity
Risk_Parity,2.231,2.528,0.882,0.082,7.316,12.001,26.771,8.758,0.272,0.01,0.01,1.384,29.876,2019-12,2019,Consumo,Risk_Parity
Risk_Parity,1.297,5.118,0.253,0.021,0.386,1.931,15.558,17.728,0.615,0.07,0.078,13.565,15.069,2020-12,2020,Consumo,Risk_Parity
Risk_Parity,1.794,4.663,0.385,0.017,0.758,2.633,21.523,16.151,1.029,0.048,0.059,3.96,22.352,2021-12,2021,Consumo,Risk_Parity
Risk_Parity,0.009,5.594,0.002,0.0,0.004,1.004,0.104,19.378,0.655,0.069,0.07,11.192,-1.582,2022-12,2022,Consumo,Risk_Parity
Risk_Parity,0.637,3.397,0.188,0.012,0.423,1.548,7.648,11.767,0.521,0.043,0.047,6.283,7.245,2023-12,2023,Consumo,Risk_Parity
Risk_Parity,2.076,3.466,0.599,0.026,1.134,4.566,24.915,12.007,0.81,0.031,0.042,4.172,27.156,2024-12,2024,Consumo,Risk_Parity
Risk_Parity,1.094,5.544,0.197,0.009,0.379,1.578,13.132,19.205,1.183,0.076,0.079,13.725,12.056,2019-12,2019,Energia,Risk_Parity
Risk_Parity,-2.219,14.533,-0.153,-0.013,-0.263,0.66,-26.627,50.345,1.75,0.2,0.277,44.519,-32.264,2020-12,2020,Energia,Risk_Parity
Risk_Parity,3.234,7.018,0.461,1.052,0.866,3.275,38.804,24.311,0.031,0.074,0.078,8.331,42.819,2021-12,2021,Energia,Risk_Parity
Risk_Parity,3.774,10.933,0.345,0.035,0.485,2.475,45.293,37.872,1.077,0.128,0.182,18.197,46.408,2022-12,2022,Energia,Risk_Parity
Risk_Parity,0.421,4.894,0.086,0.012,0.12,1.251,5.049,16.953,0.34,0.07,0.097,11.13,3.779,2023-12,2023,Energia,Risk_Parity
Risk_Parity,-0.497,3.761,-0.132,-0.012,-1.17,0.712,-5.969,13.028,0.414,0.046,0.046,16.258,-6.535,2024-12,2024,Energia,Risk_Parity
Risk_Parity,2.413,7.721,0.313,0.013,0.486,2.307,28.96,26.745,1.846,0.098,0.098,11.213,29.015,2019-12,2019,Industriales,Risk_Parity
Risk_Parity,1.59,9.265,0.172,0.015,0.229,1.647,19.078,32.093,1.033,0.118,0.169,23.264,15.387,2020-12,2020,Industriales,Risk_Parity
Risk_Parity,1.189,5.45,0.218,0.01,0.396,1.78,14.266,18.878,1.147,0.06,0.081,11.932,13.413,2021-12,2021,Industriales,Risk_Parity
Risk_Parity,0.136,9.592,0.014,0.001,0.028,1.037,1.627,33.229,1.375,0.117,0.132,24.521,-3.276,2022-12,2022,Industriales,Risk_Parity
Risk_Parity,1.639,6.221,0.263,0.013,0.804,1.928,19.667,21.55,1.268,0.057,0.07,12.256,19.084,2023-12,2023,Industriales,Risk_Parity
Risk_Parity,1.496,4.182,0.358,0.017,0.812,2.428,17.947,14.486,0.903,0.044,0.045,4.511,18.388,2024-12,2024,Industriales,Risk_Parity
Risk_Parity,0.673,0.925,0.728,0.217,2.835,11.651,8.081,3.205,0.031,0.003,0.005,0.526,8.337,2019-12,2019,Bonos,Risk_Parity
Risk_Parity,0.62,1.261,0.492,0.051,0.646,3.38,7.444,4.367,0.121,0.012,0.022,2.205,7.61,2020-12,2020,Bonos,Risk_Parity
Risk_Parity,-0.069,0.538,-0.127,-0.02,-0.191,0.717,-0.822,1.863,0.035,0.008,0.01,1.592,-0.835,2021-12,2021,Bonos,Risk_Parity
Risk_Parity,-0.683,1.596,-0.428,-0.035,-0.98,0.378,-8.193,5.527,0.197,0.024,0.027,8.418,-8.022,2022-12,2022,Bonos,Risk_Parity
Risk_Parity,0.452,1.984,0.228,0.011,0.621,1.816,5.422,6.873,0.395,0.021,0.022,4.289,5.333,2023-12,2023,Bonos,Risk_Parity
Risk_Parity,0.19,1.397,0.136,0.007,0.462,1.361,2.285,4.841,0.278,0.018,0.018,2.798,2.199,2024-12,2024,Bonos,Risk_Parity
Risk_Parity,5.408,22.87,0.236,-0.023,1.307,1.78,64.892,79.226,-2.326,0.177,0.182,49.825,46.871,2019-12,2019,Criptomonedas,Risk_Parity
Risk_Parity,15.905,30.878,0.515,0.052,1.136,5.427,190.859,106.964,3.059,0.187,0.312,31.251,304.636,2020-12,2020,Criptomonedas,Risk_Parity
Risk_Parity,26.839,52.265,0.514,0.063,6.965,5.485,322.067,181.051,4.264,0.205,0.233,35.228,699.745,2021-12,2021,Criptomonedas,Risk_Parity
Risk_Parity,-6.551,18.312,-0.358,-0.04,-0.757,0.423,-78.614,63.433,1.646,0.283,0.357,61.669,-64.068,2022-12,2022,Criptomonedas,Risk_Parity
Risk_Parity,7.358,15.301,0.481,0.046,1.337,3.832,88.292,53.005,1.588,0.115,0.153,18.168,110.096,2023-12,2023,Criptomonedas,Risk_Parity
Risk_Parity,10.88,32.314,0.337,0.016,1.966,3.725,130.564,111.939,6.603,0.143,0.165,21.556,141.088,2024-12,2024,Criptomonedas,Risk_Parity
Risk_Parity,1.666,2.803,0.594,0.051,1.897,5.869,19.989,9.708,0.329,0.015,0.022,2.219,21.423,2019-12,2019,Alternativos,Risk_Parity
Risk_Parity,-0.152,6.126,-0.025,-0.002,-0.027,0.935,-1.819,21.22,0.765,0.098,0.149,19.658,-3.919,2020-12,2020,Alternativos,Risk_Parity
Risk_Parity,2.718,3.555,0.765,0.028,1.609,6.281,32.617,12.314,0.973,0.028,0.038,3.817,37.051,2021-12,2021,Alternativos,Risk_Parity
Risk_Parity,-0.521,7.518,-0.069,-0.006,-0.109,0.837,-6.253,26.043,0.923,0.116,0.139,16.715,-9.014,2022-12,2022,Alternativos,Risk_Parity
Risk_Parity,0.784,4.179,0.188,0.009,0.47,1.558,9.414,14.478,0.833,0.053,0.057,8.257,8.787,2023-12,2023,Alternativos,Risk_Parity
Risk_Parity,0.774,2.839,0.272,0.012,0.55,1.935,9.282,9.835,0.666,0.034,0.039,3.911,9.209,2024-12,2024,Alternativos,Risk_Parity
